citation,context_text,extracted_text,predicted_label,extracted_citation,link
"ר ע""פ 2718/04","דיון
החזקת נשק ו/או נשיאתו שלא כדין הן עבירות חמורות, בעיקר בשל הסיכון הפוטנציאלי הגלום בהן. בחברה רווית אלימות כשלנו, יש בנשיאת הנשק פוטנציאל סיכוני גבוה. כל הנושא נשק שלא כדין מסכן את הסובבים אותו ואת הציבור כולו. המדובר בעבירה הגוררת עבירה. לפיכך, נקבע ע""י ביהמ""ש העליון כי הרשעה בעבירה זו מצדיקה השתת מאסר בפועל אף על מי שזו לו הרשעתו הראשונה (ראו רע""פ 2718/04 אבו דאחל נ' מ""י ו-רע""פ 1281/04  מחאג'נה נ' מדינת ישראל וכן רע""פ 10736/05 ברהום נ' מדינת ישראל). קל וחומר שהדברים נכונים לגבי מי שזו לו הרשעתו הרביעית בפלילים והוא כבר הורשע בנשיאת סכין שלא כדין ובעבירת אלימות.
בנסיבות העניין, בשל חומרת העבירה ועברו הפלילי של הנאשם, לא אוכל לאמץ את המלצת שירות המבחן ולהסתפק בתקופת המעצר בה שהה הנאשם.","נקבע ע""י ביהמ""ש העליון כי הרשעה בעבירה זו מצדיקה השתת מאסר בפועל אף על מי שזו לו הרשעתו הראשונה (ראו רע""פ 2718/04 אבו דאחל נ' מ""י).",0,"ע""פ 2718/04",
"ר ע""פ 1281/04","דיון
החזקת נשק ו/או נשיאתו שלא כדין הן עבירות חמורות, בעיקר בשל הסיכון הפוטנציאלי הגלום בהן. בחברה רווית אלימות כשלנו, יש בנשיאת הנשק פוטנציאל סיכוני גבוה. כל הנושא נשק שלא כדין מסכן את הסובבים אותו ואת הציבור כולו. המדובר בעבירה הגוררת עבירה. לפיכך, נקבע ע""י ביהמ""ש העליון כי הרשעה בעבירה זו מצדיקה השתת מאסר בפועל אף על מי שזו לו הרשעתו הראשונה (ראו רע""פ 2718/04 אבו דאחל נ' מ""י ו-רע""פ 1281/04  מחאג'נה נ' מדינת ישראל וכן רע""פ 10736/05 ברהום נ' מדינת ישראל). קל וחומר שהדברים נכונים לגבי מי שזו לו הרשעתו הרביעית בפלילים והוא כבר הורשע בנשיאת סכין שלא כדין ובעבירת אלימות.
בנסיבות העניין, בשל חומרת העבירה ועברו הפלילי של הנאשם, לא אוכל לאמץ את המלצת שירות המבחן ולהסתפק בתקופת המעצר בה שהה הנאשם.","ראו רע""פ 1281/04  מחאג'נה נ' מדינת ישראל.",0,"ע""פ 2718/04",
"ר ע""פ 10736/05","דיון
החזקת נשק ו/או נשיאתו שלא כדין הן עבירות חמורות, בעיקר בשל הסיכון הפוטנציאלי הגלום בהן. בחברה רווית אלימות כשלנו, יש בנשיאת הנשק פוטנציאל סיכוני גבוה. כל הנושא נשק שלא כדין מסכן את הסובבים אותו ואת הציבור כולו. המדובר בעבירה הגוררת עבירה. לפיכך, נקבע ע""י ביהמ""ש העליון כי הרשעה בעבירה זו מצדיקה השתת מאסר בפועל אף על מי שזו לו הרשעתו הראשונה (ראו רע""פ 2718/04 אבו דאחל נ' מ""י ו-רע""פ 1281/04  מחאג'נה נ' מדינת ישראל וכן רע""פ 10736/05 ברהום נ' מדינת ישראל). קל וחומר שהדברים נכונים לגבי מי שזו לו הרשעתו הרביעית בפלילים והוא כבר הורשע בנשיאת סכין שלא כדין ובעבירת אלימות.
בנסיבות העניין, בשל חומרת העבירה ועברו הפלילי של הנאשם, לא אוכל לאמץ את המלצת שירות המבחן ולהסתפק בתקופת המעצר בה שהה הנאשם.","נקבע ע""י ביהמ""ש העליון כי הרשעה בעבירה זו מצדיקה השתת מאסר בפועל אף על מי שזו לו הרשעתו הראשונה (רע""פ 10736/05 ברהום נ' מדינת ישראל).",0,"ע""פ 2718/04",
